{
  "__inputs": [
    {
      "description": "",
      "label": "Prometheus",
      "name": "DS_PROMETHEUS",
      "pluginId": "prometheus",
      "pluginName": "Prometheus",
      "type": "datasource"
    },
    {
      "description": "",
      "label": "Loki",
      "name": "DS_LOKI",
      "pluginId": "loki",
      "pluginName": "Loki",
      "type": "datasource"
    },
    {
      "description": "Namespace associated with the Zenko instance",
      "label": "namespace",
      "name": "namespace",
      "type": "constant",
      "value": "zenko"
    },
    {
      "description": "Name of the Zenko instance",
      "label": "instance",
      "name": "zenkoName",
      "type": "constant",
      "value": "artesca-data"
    },
    {
      "description": "Name of the Cloudserver container, used to filter only the Cloudserver services.",
      "label": "container",
      "name": "container",
      "type": "constant",
      "value": "connector-cloudserver"
    },
    {
      "description": "Name of the Cloudserver Report job, used to filter only the Report Handler instances.",
      "label": "report job",
      "name": "reportJob",
      "type": "constant",
      "value": "artesca-data-ops-report-handler"
    },
    {
      "description": "Name of the Count-Items cronjob, used to filter only the Count-Items instances.",
      "label": "count-items job",
      "name": "countItemsJob",
      "type": "constant",
      "value": "artesca-data-ops-count-items"
    }
  ],
  "annotations": {
    "list": []
  },
  "description": "",
  "editable": true,
  "gnetId": null,
  "hideControls": false,
  "id": null,
  "links": [],
  "panels": [
    {
      "datasource": "${DS_PROMETHEUS}",
      "editable": true,
      "error": false,
      "fieldConfig": {
        "defaults": {
          "custom": {},
          "decimals": null,
          "mappings": [],
          "noValue": "none",
          "thresholds": {
            "mode": "absolute",
            "steps": [
              {
                "color": "red",
                "index": 0,
                "line": true,
                "op": "gt",
                "value": "null",
                "yaxis": "left"
              },
              {
                "color": "green",
                "index": 1,
                "line": true,
                "op": "gt",
                "value": 1.0,
                "yaxis": "left"
              }
            ]
          },
          "unit": "none"
        },
        "overrides": []
      },
      "gridPos": {
        "h": 4,
        "w": 3,
        "x": 0,
        "y": 0
      },
      "hideTimeOverride": false,
      "id": 1,
      "links": [],
      "maxDataPoints": 100,
      "options": {
        "colorMode": "value",
        "graphMode": "area",
        "justifyMode": "auto",
        "orientation": "auto",
        "reduceOptions": {
          "calcs": [
            "last"
          ],
          "fields": "",
          "values": false
        },
        "textMode": "auto"
      },
      "targets": [
        {
          "datasource": null,
          "expr": "sum(up{namespace=\"${namespace}\", job=~\"$job\"})",
          "format": "time_series",
          "hide": false,
          "instant": false,
          "interval": "",
          "intervalFactor": 1,
          "legendFormat": "",
          "metric": "",
          "refId": "",
          "step": 10,
          "target": ""
        }
      ],
      "title": "Up",
      "transformations": [],
      "transparent": false,
      "type": "stat"
    },
    {
      "datasource": "${DS_PROMETHEUS}",
      "editable": true,
      "error": false,
      "fieldConfig": {
        "defaults": {
          "custom": {},
          "decimals": null,
          "mappings": [],
          "noValue": "0",
          "thresholds": {
            "mode": "absolute",
            "steps": [
              {
                "color": "green",
                "index": 0,
                "line": true,
                "op": "gt",
                "value": "null",
                "yaxis": "left"
              }
            ]
          },
          "unit": "ops"
        },
        "overrides": []
      },
      "gridPos": {
        "h": 4,
        "w": 3,
        "x": 3,
        "y": 0
      },
      "hideTimeOverride": false,
      "id": 2,
      "links": [],
      "maxDataPoints": 100,
      "options": {
        "colorMode": "value",
        "graphMode": "area",
        "justifyMode": "auto",
        "orientation": "auto",
        "reduceOptions": {
          "calcs": [
            "mean"
          ],
          "fields": "",
          "values": false
        },
        "textMode": "auto"
      },
      "targets": [
        {
          "datasource": null,
          "expr": "sum(rate(http_requests_total{namespace=\"${namespace}\", job=~\"$job\"}[$__rate_interval]))",
          "format": "time_series",
          "hide": false,
          "instant": false,
          "interval": "",
          "intervalFactor": 1,
          "legendFormat": "",
          "metric": "",
          "refId": "",
          "step": 10,
          "target": ""
        }
      ],
      "title": "Http requests rate",
      "transformations": [],
      "transparent": false,
      "type": "stat"
    },
    {
      "datasource": "${DS_PROMETHEUS}",
      "editable": true,
      "error": false,
      "fieldConfig": {
        "defaults": {
          "calcs": [
            "mean"
          ],
          "decimals": null,
          "limit": null,
          "links": [],
          "mappings": [],
          "max": 100,
          "min": 0,
          "noValue": "-",
          "override": {},
          "thresholds": {
            "mode": "absolute",
            "steps": [
              {
                "color": "#808080",
                "index": 0,
                "line": true,
                "op": "gt",
                "value": "null",
                "yaxis": "left"
              },
              {
                "color": "red",
                "index": 1,
                "line": true,
                "op": "gt",
                "value": 0.0,
                "yaxis": "left"
              },
              {
                "color": "orange",
                "index": 2,
                "line": true,
                "op": "gt",
                "value": 80.0,
                "yaxis": "left"
              },
              {
                "color": "green",
                "index": 3,
                "line": true,
                "op": "gt",
                "value": 90.0,
                "yaxis": "left"
              }
            ]
          },
          "title": null,
          "unit": "percent",
          "values": false
        },
        "showThresholdLabels": false,
        "showThresholdMarkers": true
      },
      "gridPos": {
        "h": 4,
        "w": 3,
        "x": 6,
        "y": 0
      },
      "hideTimeOverride": false,
      "id": 3,
      "links": [],
      "maxDataPoints": 100,
      "options": {
        "reduceOptions": {
          "calcs": [
            "mean"
          ]
        }
      },
      "targets": [
        {
          "datasource": null,
          "expr": "sum(rate(http_requests_total{namespace=\"${namespace}\", job=~\"$job\", code=~\"2..\"}[$__rate_interval])) * 100\n   /\nsum(rate(http_requests_total{namespace=\"${namespace}\", job=~\"$job\"}[$__rate_interval]) > 0)",
          "format": "time_series",
          "hide": false,
          "instant": false,
          "interval": "",
          "intervalFactor": 1,
          "legendFormat": "Success rate",
          "metric": "",
          "refId": "",
          "step": 10,
          "target": ""
        }
      ],
      "title": "Success rate",
      "transformations": [],
      "transparent": false,
      "type": "gauge"
    },
    {
      "datasource": "${DS_PROMETHEUS}",
      "description": "Rate of data ingested : cumulative amount of data created (>0) or deleted (<0) per second.",
      "editable": true,
      "error": false,
      "fieldConfig": {
        "defaults": {
          "custom": {},
          "decimals": 1,
          "mappings": [],
          "noValue": "none",
          "thresholds": {
            "mode": "absolute",
            "steps": [
              {
                "color": "dark-purple",
                "index": 0,
                "line": true,
                "op": "gt",
                "value": "null",
                "yaxis": "left"
              }
            ]
          },
          "unit": "binBps"
        },
        "overrides": []
      },
      "gridPos": {
        "h": 4,
        "w": 3,
        "x": 9,
        "y": 0
      },
      "hideTimeOverride": false,
      "id": 4,
      "links": [],
      "maxDataPoints": 100,
      "options": {
        "colorMode": "background",
        "graphMode": "area",
        "justifyMode": "auto",
        "orientation": "auto",
        "reduceOptions": {
          "calcs": [
            "mean"
          ],
          "fields": "",
          "values": false
        },
        "textMode": "auto"
      },
      "targets": [
        {
          "datasource": null,
          "expr": "-sum(deriv(cloud_server_data_disk_available{namespace=\"${namespace}\", job=~\"$job\"}[$__rate_interval]))",
          "format": "time_series",
          "hide": false,
          "instant": false,
          "interval": "",
          "intervalFactor": 1,
          "legendFormat": "",
          "metric": "",
          "refId": "",
          "step": 10,
          "target": ""
        }
      ],
      "title": "Injection Data Rate",
      "transformations": [],
      "transparent": false,
      "type": "stat"
    },
    {
      "datasource": "${DS_PROMETHEUS}",
      "description": "Rate of object ingestion : cumulative count of object created (>0) or deleted (<0) per second.",
      "editable": true,
      "error": false,
      "fieldConfig": {
        "defaults": {
          "custom": {},
          "decimals": 1,
          "mappings": [],
          "noValue": "none",
          "thresholds": {
            "mode": "absolute",
            "steps": [
              {
                "color": "dark-purple",
                "index": 0,
                "line": true,
                "op": "gt",
                "value": "null",
                "yaxis": "left"
              }
            ]
          },
          "unit": "O/s"
        },
        "overrides": []
      },
      "gridPos": {
        "h": 4,
        "w": 3,
        "x": 12,
        "y": 0
      },
      "hideTimeOverride": false,
      "id": 5,
      "links": [],
      "maxDataPoints": 100,
      "options": {
        "colorMode": "background",
        "graphMode": "area",
        "justifyMode": "auto",
        "orientation": "auto",
        "reduceOptions": {
          "calcs": [
            "mean"
          ],
          "fields": "",
          "values": false
        },
        "textMode": "auto"
      },
      "targets": [
        {
          "datasource": null,
          "expr": "sum(deriv(cloud_server_number_of_objects{namespace=\"${namespace}\", job=~\"$job\"}[$__rate_interval]))",
          "format": "time_series",
          "hide": false,
          "instant": false,
          "interval": "",
          "intervalFactor": 1,
          "legendFormat": "",
          "metric": "",
          "refId": "",
          "step": 10,
          "target": ""
        }
      ],
      "title": "Injection Rate",
      "transformations": [],
      "transparent": false,
      "type": "stat"
    },
    {
      "datasource": "${DS_PROMETHEUS}",
      "description": "Number of S3 buckets available in the cluster.\nThis value is computed asynchronously, and update may be delayed up to 1h.",
      "editable": true,
      "error": false,
      "fieldConfig": {
        "defaults": {
          "custom": {},
          "decimals": null,
          "mappings": [],
          "noValue": "-",
          "thresholds": {
            "mode": "absolute",
            "steps": [
              {
                "color": "#808080",
                "index": 0,
                "line": true,
                "op": "gt",
                "value": "null",
                "yaxis": "left"
              },
              {
                "color": "blue",
                "index": 1,
                "line": true,
                "op": "gt",
                "value": 0.0,
                "yaxis": "left"
              }
            ]
          },
          "unit": "short"
        },
        "overrides": []
      },
      "gridPos": {
        "h": 4,
        "w": 7,
        "x": 15,
        "y": 0
      },
      "hideTimeOverride": false,
      "id": 6,
      "links": [],
      "maxDataPoints": 100,
      "options": {
        "colorMode": "value",
        "graphMode": "area",
        "justifyMode": "auto",
        "orientation": "auto",
        "reduceOptions": {
          "calcs": [
            "lastNotNull"
          ],
          "fields": "",
          "values": false
        },
        "textMode": "auto"
      },
      "targets": [
        {
          "datasource": null,
          "expr": "sum(cloud_server_number_of_buckets{namespace=\"${namespace}\", job=\"${reportJob}\"})",
          "format": "time_series",
          "hide": false,
          "instant": false,
          "interval": "",
          "intervalFactor": 1,
          "legendFormat": "",
          "metric": "",
          "refId": "",
          "step": 10,
          "target": ""
        }
      ],
      "title": "Buckets",
      "transformations": [],
      "transparent": false,
      "type": "stat"
    },
    {
      "datasource": "${DS_PROMETHEUS}",
      "description": "Status of the reports-handler pod.",
      "editable": true,
      "error": false,
      "fieldConfig": {
        "defaults": {
          "custom": {},
          "decimals": null,
          "mappings": [],
          "noValue": "none",
          "thresholds": {
            "mode": "absolute",
            "steps": [
              {
                "color": "red",
                "index": 0,
                "line": true,
                "op": "gt",
                "value": "null",
                "yaxis": "left"
              },
              {
                "color": "green",
                "index": 1,
                "line": true,
                "op": "gt",
                "value": 1.0,
                "yaxis": "left"
              }
            ]
          },
          "unit": "none"
        },
        "overrides": []
      },
      "gridPos": {
        "h": 4,
        "w": 2,
        "x": 22,
        "y": 0
      },
      "hideTimeOverride": false,
      "id": 7,
      "links": [],
      "maxDataPoints": 100,
      "options": {
        "colorMode": "value",
        "graphMode": "area",
        "justifyMode": "auto",
        "orientation": "auto",
        "reduceOptions": {
          "calcs": [
            "last"
          ],
          "fields": "",
          "values": false
        },
        "textMode": "auto"
      },
      "targets": [
        {
          "datasource": null,
          "expr": "sum(up{namespace=\"${namespace}\", job=\"${reportJob}\"})",
          "format": "time_series",
          "hide": false,
          "instant": false,
          "interval": "",
          "intervalFactor": 1,
          "legendFormat": "",
          "metric": "",
          "refId": "",
          "step": 10,
          "target": ""
        }
      ],
      "title": "Reporter",
      "transformations": [],
      "transparent": false,
      "type": "stat"
    },
    {
      "datasource": "${DS_PROMETHEUS}",
      "editable": true,
      "error": false,
      "fieldConfig": {
        "defaults": {
          "custom": {},
          "decimals": null,
          "mappings": [],
          "noValue": "0",
          "thresholds": {
            "mode": "absolute",
            "steps": [
              {
                "color": "semi-dark-blue",
                "index": 0,
                "line": true,
                "op": "gt",
                "value": "null",
                "yaxis": "left"
              }
            ]
          },
          "unit": "ops"
        },
        "overrides": []
      },
      "gridPos": {
        "h": 4,
        "w": 3,
        "x": 0,
        "y": 4
      },
      "hideTimeOverride": false,
      "id": 8,
      "links": [],
      "maxDataPoints": 100,
      "options": {
        "colorMode": "background",
        "graphMode": "area",
        "justifyMode": "auto",
        "orientation": "auto",
        "reduceOptions": {
          "calcs": [
            "mean"
          ],
          "fields": "",
          "values": false
        },
        "textMode": "auto"
      },
      "targets": [
        {
          "datasource": null,
          "expr": "sum(rate(http_requests_total{namespace=\"${namespace}\", job=~\"$job\",code=\"200\"}[$__rate_interval]))",
          "format": "time_series",
          "hide": false,
          "instant": false,
          "interval": "",
          "intervalFactor": 1,
          "legendFormat": "",
          "metric": "",
          "refId": "",
          "step": 10,
          "target": ""
        }
      ],
      "title": "Status 200",
      "transformations": [],
      "transparent": false,
      "type": "stat"
    },
    {
      "datasource": "${DS_PROMETHEUS}",
      "editable": true,
      "error": false,
      "fieldConfig": {
        "defaults": {
          "custom": {},
          "decimals": null,
          "mappings": [],
          "noValue": "0",
          "thresholds": {
            "mode": "absolute",
            "steps": [
              {
                "color": "semi-dark-blue",
                "index": 0,
                "line": true,
                "op": "gt",
                "value": "null",
                "yaxis": "left"
              }
            ]
          },
          "unit": "ops"
        },
        "overrides": []
      },
      "gridPos": {
        "h": 4,
        "w": 2,
        "x": 3,
        "y": 4
      },
      "hideTimeOverride": false,
      "id": 9,
      "links": [],
      "maxDataPoints": 100,
      "options": {
        "colorMode": "background",
        "graphMode": "area",
        "justifyMode": "auto",
        "orientation": "auto",
        "reduceOptions": {
          "calcs": [
            "mean"
          ],
          "fields": "",
          "values": false
        },
        "textMode": "auto"
      },
      "targets": [
        {
          "datasource": null,
          "expr": "sum(rate(http_requests_total{namespace=\"${namespace}\", job=~\"$job\",code=~\"4..\"}[$__rate_interval]))",
          "format": "time_series",
          "hide": false,
          "instant": false,
          "interval": "",
          "intervalFactor": 1,
          "legendFormat": "",
          "metric": "",
          "refId": "",
          "step": 10,
          "target": ""
        }
      ],
      "title": "Status 4xx",
      "transformations": [],
      "transparent": false,
      "type": "stat"
    },
    {
      "datasource": "${DS_PROMETHEUS}",
      "editable": true,
      "error": false,
      "fieldConfig": {
        "defaults": {
          "custom": {},
          "decimals": null,
          "mappings": [],
          "noValue": "0",
          "thresholds": {
            "mode": "absolute",
            "steps": [
              {
                "color": "semi-dark-blue",
                "index": 0,
                "line": true,
                "op": "gt",
                "value": "null",
                "yaxis": "left"
              }
            ]
          },
          "unit": "ops"
        },
        "overrides": []
      },
      "gridPos": {
        "h": 4,
        "w": 2,
        "x": 5,
        "y": 4
      },
      "hideTimeOverride": false,
      "id": 10,
      "links": [],
      "maxDataPoints": 100,
      "options": {
        "colorMode": "background",
        "graphMode": "area",
        "justifyMode": "auto",
        "orientation": "auto",
        "reduceOptions": {
          "calcs": [
            "mean"
          ],
          "fields": "",
          "values": false
        },
        "textMode": "auto"
      },
      "targets": [
        {
          "datasource": null,
          "expr": "sum(rate(http_requests_total{namespace=\"${namespace}\", job=~\"$job\",code=~\"5..\"}[$__rate_interval]))",
          "format": "time_series",
          "hide": false,
          "instant": false,
          "interval": "",
          "intervalFactor": 1,
          "legendFormat": "",
          "metric": "",
          "refId": "",
          "step": 10,
          "target": ""
        }
      ],
      "title": "Status 5xx",
      "transformations": [],
      "transparent": false,
      "type": "stat"
    },
    {
      "datasource": "${DS_PROMETHEUS}",
      "editable": true,
      "error": false,
      "fieldConfig": {
        "defaults": {
          "custom": {},
          "decimals": null,
          "mappings": [],
          "noValue": "none",
          "thresholds": {
            "mode": "absolute",
            "steps": [
              {
                "color": "green",
                "index": 0,
                "line": true,
                "op": "gt",
                "value": "null",
                "yaxis": "left"
              },
              {
                "color": "red",
                "index": 1,
                "line": true,
                "op": "gt",
                "value": 80.0,
                "yaxis": "left"
              }
            ]
          },
          "unit": "none"
        },
        "overrides": []
      },
      "gridPos": {
        "h": 4,
        "w": 2,
        "x": 7,
        "y": 4
      },
      "hideTimeOverride": false,
      "id": 11,
      "links": [],
      "maxDataPoints": 100,
      "options": {
        "colorMode": "value",
        "graphMode": "area",
        "justifyMode": "auto",
        "orientation": "auto",
        "reduceOptions": {
          "calcs": [
            "lastNotNull"
          ],
          "fields": "",
          "values": false
        },
        "textMode": "auto"
      },
      "targets": [
        {
          "datasource": null,
          "expr": "sum(http_active_requests{namespace=\"${namespace}\", job=~\"$job\"})",
          "format": "time_series",
          "hide": false,
          "instant": false,
          "interval": "",
          "intervalFactor": 1,
          "legendFormat": "",
          "metric": "",
          "refId": "",
          "step": 10,
          "target": ""
        }
      ],
      "title": "Active requests",
      "transformations": [],
      "transparent": false,
      "type": "stat"
    },
    {
      "datasource": "${DS_PROMETHEUS}",
      "description": "Rate of data ingested out-of-band (OOB) : cumulative amount of OOB data created (>0) or deleted (<0) per second.",
      "editable": true,
      "error": false,
      "fieldConfig": {
        "defaults": {
          "custom": {},
          "decimals": 1,
          "mappings": [],
          "noValue": "none",
          "thresholds": {
            "mode": "absolute",
            "steps": [
              {
                "color": "purple",
                "index": 0,
                "line": true,
                "op": "gt",
                "value": "null",
                "yaxis": "left"
              }
            ]
          },
          "unit": "binBps"
        },
        "overrides": []
      },
      "gridPos": {
        "h": 4,
        "w": 3,
        "x": 9,
        "y": 4
      },
      "hideTimeOverride": false,
      "id": 12,
      "links": [],
      "maxDataPoints": 100,
      "options": {
        "colorMode": "background",
        "graphMode": "area",
        "justifyMode": "auto",
        "orientation": "auto",
        "reduceOptions": {
          "calcs": [
            "mean"
          ],
          "fields": "",
          "values": false
        },
        "textMode": "auto"
      },
      "targets": [
        {
          "datasource": null,
          "expr": "sum(deriv(cloud_server_data_ingested{namespace=\"${namespace}\", job=~\"$job\"}[$__rate_interval]))",
          "format": "time_series",
          "hide": false,
          "instant": false,
          "interval": "",
          "intervalFactor": 1,
          "legendFormat": "",
          "metric": "",
          "refId": "",
          "step": 10,
          "target": ""
        }
      ],
      "title": "OOB Inject. Data Rate",
      "transformations": [],
      "transparent": false,
      "type": "stat"
    },
    {
      "datasource": "${DS_PROMETHEUS}",
      "description": "Rate of object ingested out-of-band (OOB) : cumulative count of OOB object created (>0) or deleted (<0) per second.",
      "editable": true,
      "error": false,
      "fieldConfig": {
        "defaults": {
          "custom": {},
          "decimals": 1,
          "mappings": [],
          "noValue": "none",
          "thresholds": {
            "mode": "absolute",
            "steps": [
              {
                "color": "purple",
                "index": 0,
                "line": true,
                "op": "gt",
                "value": "null",
                "yaxis": "left"
              }
            ]
          },
          "unit": "O/s"
        },
        "overrides": []
      },
      "gridPos": {
        "h": 4,
        "w": 3,
        "x": 12,
        "y": 4
      },
      "hideTimeOverride": false,
      "id": 13,
      "links": [],
      "maxDataPoints": 100,
      "options": {
        "colorMode": "background",
        "graphMode": "area",
        "justifyMode": "auto",
        "orientation": "auto",
        "reduceOptions": {
          "calcs": [
            "mean"
          ],
          "fields": "",
          "values": false
        },
        "textMode": "auto"
      },
      "targets": [
        {
          "datasource": null,
          "expr": "sum(deriv(cloud_server_number_of_ingested_objects{namespace=\"${namespace}\", job=~\"$job\"}[$__rate_interval]))",
          "format": "time_series",
          "hide": false,
          "instant": false,
          "interval": "",
          "intervalFactor": 1,
          "legendFormat": "",
          "metric": "",
          "refId": "",
          "step": 10,
          "target": ""
        }
      ],
      "title": "OOB Inject. Rate",
      "transformations": [],
      "transparent": false,
      "type": "stat"
    },
    {
      "datasource": "${DS_PROMETHEUS}",
      "description": "Number of S3 objects available in the cluster.\nThis value is computed asynchronously, and update may be delayed up to 1h.",
      "editable": true,
      "error": false,
      "fieldConfig": {
        "defaults": {
          "custom": {},
          "decimals": null,
          "mappings": [],
          "noValue": "-",
          "thresholds": {
            "mode": "absolute",
            "steps": [
              {
                "color": "#808080",
                "index": 0,
                "line": true,
                "op": "gt",
                "value": "null",
                "yaxis": "left"
              },
              {
                "color": "blue",
                "index": 1,
                "line": true,
                "op": "gt",
                "value": 0.0,
                "yaxis": "left"
              }
            ]
          },
          "unit": "short"
        },
        "overrides": []
      },
      "gridPos": {
        "h": 4,
        "w": 7,
        "x": 15,
        "y": 4
      },
      "hideTimeOverride": false,
      "id": 14,
      "links": [],
      "maxDataPoints": 100,
      "options": {
        "colorMode": "value",
        "graphMode": "area",
        "justifyMode": "auto",
        "orientation": "auto",
        "reduceOptions": {
          "calcs": [
            "lastNotNull"
          ],
          "fields": "",
          "values": false
        },
        "textMode": "auto"
      },
      "targets": [
        {
          "datasource": null,
          "expr": "sum(cloud_server_number_of_objects{namespace=\"${namespace}\", job=\"${reportJob}\"})",
          "format": "time_series",
          "hide": false,
          "instant": false,
          "interval": "",
          "intervalFactor": 1,
          "legendFormat": "",
          "metric": "",
          "refId": "",
          "step": 10,
          "target": ""
        }
      ],
      "title": "Objects",
      "transformations": [],
      "transparent": false,
      "type": "stat"
    },
    {
      "datasource": "${DS_PROMETHEUS}",
      "description": "Time elapsed since the last report, when object/bucket count was updated.",
      "editable": true,
      "error": false,
      "fieldConfig": {
        "defaults": {
          "custom": {},
          "decimals": null,
          "mappings": [],
          "noValue": "-",
          "thresholds": {
            "mode": "absolute",
            "steps": [
              {
                "color": "#808080",
                "index": 0,
                "line": true,
                "op": "gt",
                "value": "null",
                "yaxis": "left"
              },
              {
                "color": "green",
                "index": 1,
                "line": true,
                "op": "gt",
                "value": 0.0,
                "yaxis": "left"
              },
              {
                "color": "super-light-yellow",
                "index": 2,
                "line": true,
                "op": "gt",
                "value": 1800.0,
                "yaxis": "left"
              },
              {
                "color": "orange",
                "index": 3,
                "line": true,
                "op": "gt",
                "value": 3600.0,
                "yaxis": "left"
              },
              {
                "color": "red",
                "index": 4,
                "line": true,
                "op": "gt",
                "value": 3700.0,
                "yaxis": "left"
              }
            ]
          },
          "unit": "s"
        },
        "overrides": []
      },
      "gridPos": {
        "h": 4,
        "w": 2,
        "x": 22,
        "y": 4
      },
      "hideTimeOverride": false,
      "id": 15,
      "links": [],
      "maxDataPoints": 100,
      "options": {
        "colorMode": "value",
        "graphMode": "area",
        "justifyMode": "auto",
        "orientation": "auto",
        "reduceOptions": {
          "calcs": [
            "last"
          ],
          "fields": "",
          "values": false
        },
        "textMode": "auto"
      },
      "targets": [
        {
          "datasource": null,
          "expr": "time()\n- max(cloud_server_last_report_timestamp{namespace=\"${namespace}\", job=\"${reportJob}\"})\n+ (max(cloud_server_last_report_timestamp{namespace=\"${namespace}\", job=\"${reportJob}\"})\n   - max(kube_cronjob_status_last_schedule_time{namespace=\"${namespace}\", cronjob=\"${countItemsJob}\"})\n   > 0 or vector(0))",
          "format": "time_series",
          "hide": false,
          "instant": false,
          "interval": "",
          "intervalFactor": 1,
          "legendFormat": "",
          "metric": "",
          "refId": "",
          "step": 10,
          "target": ""
        }
      ],
      "title": "Last Report",
      "transformations": [],
      "transparent": false,
      "type": "stat"
    },
    {
      "collapsed": false,
      "editable": true,
      "error": false,
      "fieldConfig": {
        "defaults": {
          "thresholds": {
            "mode": "absolute",
            "steps": []
          }
        }
      },
      "gridPos": {
        "h": 1,
        "w": 24,
        "x": 0,
        "y": 8
      },
      "hideTimeOverride": false,
      "id": 16,
      "links": [],
      "maxDataPoints": 100,
      "panels": [],
      "targets": [],
      "title": "Response codes",
      "transformations": [],
      "transparent": false,
      "type": "row"
    },
    {
      "datasource": "${DS_PROMETHEUS}",
      "editable": true,
      "error": false,
      "fieldConfig": {
        "defaults": {
          "color": {
            "mode": "palette-classic"
          },
          "custom": {
            "axisLabel": "",
            "axisPlacement": "auto",
            "barAlignment": 0,
            "drawStyle": "line",
            "fillOpacity": 30,
            "gradientMode": "none",
            "hideFrom": {
              "legend": false,
              "tooltip": false,
              "viz": false
            },
            "lineInterpolation": "smooth",
            "lineWidth": 1,
            "pointSize": 5,
            "scaleDistribution": {
              "log": 2,
              "type": "linear"
            },
            "showPoints": "auto",
            "spanNulls": false,
            "stacking": {},
            "thresholdsStyle": {
              "mode": "off"
            }
          },
          "mappings": [],
          "thresholds": {
            "mode": "absolute",
            "steps": []
          },
          "unit": "ops"
        },
        "overrides": []
      },
      "gridPos": {
        "h": 8,
        "w": 12,
        "x": 0,
        "y": 9
      },
      "hideTimeOverride": false,
      "id": 17,
      "links": [],
      "maxDataPoints": 100,
      "options": {
        "legend": {
          "calcs": [],
          "displayMode": "list",
          "placement": "bottom"
        },
        "tooltip": {
          "mode": "single"
        }
      },
      "targets": [
        {
          "datasource": null,
          "expr": "sum by (code) (rate(http_requests_total{namespace=\"${namespace}\", job=~\"$job\"}[$__rate_interval]))",
          "format": "time_series",
          "hide": false,
          "instant": false,
          "interval": "",
          "intervalFactor": 1,
          "legendFormat": "{{code}}",
          "metric": "",
          "refId": "",
          "step": 10,
          "target": ""
        }
      ],
      "title": "Http status code over time",
      "transformations": [],
      "transparent": false,
      "type": "timeseries"
    },
    {
      "datasource": "${DS_PROMETHEUS}",
      "editable": true,
      "error": false,
      "fieldConfig": {
        "defaults": {
          "color": {
            "mode": "palette-classic"
          },
          "custom": {
            "axisLabel": "",
            "axisPlacement": "auto",
            "barAlignment": 0,
            "drawStyle": "line",
            "fillOpacity": 39,
            "gradientMode": "none",
            "hideFrom": {
              "legend": false,
              "tooltip": false,
              "viz": false
            },
            "lineInterpolation": "smooth",
            "lineWidth": 1,
            "pointSize": 5,
            "scaleDistribution": {
              "log": 2,
              "type": "log"
            },
            "showPoints": "auto",
            "spanNulls": false,
            "stacking": {
              "group": "A",
              "mode": "normal"
            },
            "thresholdsStyle": {
              "mode": "off"
            }
          },
          "mappings": [],
          "thresholds": {
            "mode": "absolute",
            "steps": []
          },
          "unit": "ops"
        },
        "overrides": [
          {
            "matcher": {
              "id": "byName",
              "options": "Success"
            },
            "properties": [
              {
                "id": "color",
                "value": {
                  "fixedColor": "dark-blue",
                  "mode": "fixed"
                }
              }
            ]
          },
          {
            "matcher": {
              "id": "byName",
              "options": "User errors"
            },
            "properties": [
              {
                "id": "color",
                "value": {
                  "fixedColor": "semi-dark-orange",
                  "mode": "fixed"
                }
              }
            ]
          },
          {
            "matcher": {
              "id": "byName",
              "options": "System errors"
            },
            "properties": [
              {
                "id": "color",
                "value": {
                  "fixedColor": "semi-dark-red",
                  "mode": "fixed"
                }
              }
            ]
          }
        ]
      },
      "gridPos": {
        "h": 8,
        "w": 12,
        "x": 12,
        "y": 9
      },
      "hideTimeOverride": false,
      "id": 18,
      "links": [],
      "maxDataPoints": 100,
      "options": {
        "legend": {
          "calcs": [],
          "displayMode": "list",
          "placement": "bottom"
        },
        "tooltip": {
          "mode": "single"
        }
      },
      "targets": [
        {
          "datasource": null,
          "expr": "sum(rate(http_requests_total{namespace=\"${namespace}\", job=~\"$job\", code=~\"2..\"}[$__rate_interval]))",
          "format": "time_series",
          "hide": false,
          "instant": false,
          "interval": "",
          "intervalFactor": 1,
          "legendFormat": "Success",
          "metric": "",
          "refId": "",
          "step": 10,
          "target": ""
        },
        {
          "datasource": null,
          "expr": "sum(rate(http_requests_total{namespace=\"${namespace}\", job=~\"$job\", code=~\"4..\"}[$__rate_interval]))",
          "format": "time_series",
          "hide": false,
          "instant": false,
          "interval": "",
          "intervalFactor": 1,
          "legendFormat": "User errors",
          "metric": "",
          "refId": "",
          "step": 10,
          "target": ""
        },
        {
          "datasource": null,
          "expr": "sum(rate(http_requests_total{namespace=\"${namespace}\", job=~\"$job\", code=~\"5..\"}[$__rate_interval]))",
          "format": "time_series",
          "hide": false,
          "instant": false,
          "interval": "",
          "intervalFactor": 1,
          "legendFormat": "System errors",
          "metric": "",
          "refId": "",
          "step": 10,
          "target": ""
        }
      ],
      "title": "Aggregated status over time",
      "transformations": [],
      "transparent": false,
      "type": "timeseries"
    },
    {
      "collapsed": false,
      "editable": true,
      "error": false,
      "fieldConfig": {
        "defaults": {
          "thresholds": {
            "mode": "absolute",
            "steps": []
          }
        }
      },
      "gridPos": {
        "h": 1,
        "w": 24,
        "x": 0,
        "y": 17
      },
      "hideTimeOverride": false,
      "id": 19,
      "links": [],
      "maxDataPoints": 100,
      "panels": [],
      "targets": [],
      "title": "Operations",
      "transformations": [],
      "transparent": false,
      "type": "row"
    },
    {
      "datasource": "${DS_PROMETHEUS}",
      "editable": true,
      "error": false,
      "fieldConfig": {
        "defaults": {
          "color": {
            "mode": "palette-classic"
          },
          "custom": {
            "axisLabel": "",
            "axisPlacement": "auto",
            "barAlignment": 0,
            "drawStyle": "line",
            "fillOpacity": 0,
            "gradientMode": "none",
            "hideFrom": {
              "legend": false,
              "tooltip": false,
              "viz": false
            },
            "lineInterpolation": "smooth",
            "lineWidth": 1,
            "pointSize": 5,
            "scaleDistribution": {
              "log": 2,
              "type": "linear"
            },
            "showPoints": "auto",
            "spanNulls": false,
            "stacking": {},
            "thresholdsStyle": {
              "mode": "off"
            }
          },
          "mappings": [],
          "thresholds": {
            "mode": "absolute",
            "steps": []
          },
          "unit": "ops"
        },
        "overrides": []
      },
      "gridPos": {
        "h": 10,
        "w": 18,
        "x": 0,
        "y": 18
      },
      "hideTimeOverride": false,
      "id": 20,
      "links": [],
      "maxDataPoints": 100,
      "options": {
        "legend": {
          "calcs": [
            "min",
            "mean",
            "max"
          ],
          "displayMode": "table",
          "placement": "right"
        },
        "tooltip": {
          "mode": "single"
        }
      },
      "targets": [
        {
          "datasource": null,
          "expr": "sum(rate(http_requests_total{namespace=\"${namespace}\", job=~\"$job\"}[$__rate_interval])) by(action)",
          "format": "time_series",
          "hide": false,
          "instant": false,
          "interval": "",
          "intervalFactor": 1,
          "legendFormat": "{{action}}",
          "metric": "",
          "refId": "",
          "step": 10,
          "target": ""
        }
      ],
      "title": "Request rate per S3 action",
      "transformations": [],
      "transparent": false,
      "type": "timeseries"
    },
    {
      "datasource": "${DS_PROMETHEUS}",
      "editable": true,
      "error": false,
      "fieldConfig": {
        "defaults": {
          "color": {
            "mode": "palette-classic"
          },
          "custom": {},
          "mappings": [],
          "thresholds": {
            "mode": "absolute",
            "steps": []
          },
          "unit": "short"
        },
        "overrides": []
      },
      "gridPos": {
        "h": 10,
        "w": 6,
        "x": 18,
        "y": 18
      },
      "hideTimeOverride": false,
      "id": 21,
      "links": [],
      "maxDataPoints": 100,
      "options": {
        "displayLabels": [
          "name",
          "percent"
        ],
        "legend": {
          "displayMode": "list",
          "placement": "bottom",
          "values": []
        },
        "pieType": "pie",
        "reduceOptions": {
          "calcs": [
            "sum"
          ],
          "fields": "",
          "values": false
        },
        "tooltip": {
          "mode": "single"
        }
      },
      "targets": [
        {
          "datasource": null,
          "expr": "sum(round(increase(http_requests_total{namespace=\"${namespace}\", job=~\"$job\"}[$__rate_interval]))) by(method)",
          "format": "time_series",
          "hide": false,
          "instant": false,
          "interval": "",
          "intervalFactor": 1,
          "legendFormat": "{{method}}",
          "metric": "",
          "refId": "",
          "step": 10,
          "target": ""
        }
      ],
      "title": "HTTP Method breakdown",
      "transformations": [],
      "transparent": false,
      "type": "piechart"
    },
    {
      "collapsed": false,
      "editable": true,
      "error": false,
      "fieldConfig": {
        "defaults": {
          "thresholds": {
            "mode": "absolute",
            "steps": []
          }
        }
      },
      "gridPos": {
        "h": 1,
        "w": 24,
        "x": 0,
        "y": 28
      },
      "hideTimeOverride": false,
      "id": 22,
      "links": [],
      "maxDataPoints": 100,
      "panels": [],
      "targets": [],
      "title": "Latency",
      "transformations": [],
      "transparent": false,
      "type": "row"
    },
    {
      "datasource": "${DS_PROMETHEUS}",
      "editable": true,
      "error": false,
      "fieldConfig": {
        "defaults": {
          "color": {
            "mode": "palette-classic"
          },
          "custom": {
            "axisLabel": "",
            "axisPlacement": "auto",
            "barAlignment": 0,
            "drawStyle": "line",
            "fillOpacity": 0,
            "gradientMode": "none",
            "hideFrom": {
              "legend": false,
              "tooltip": false,
              "viz": false
            },
            "lineInterpolation": "smooth",
            "lineWidth": 1,
            "pointSize": 5,
            "scaleDistribution": {
              "log": 2,
              "type": "linear"
            },
            "showPoints": "auto",
            "spanNulls": 180000,
            "stacking": {},
            "thresholdsStyle": {
              "mode": "off"
            }
          },
          "mappings": [],
          "thresholds": {
            "mode": "absolute",
            "steps": []
          },
          "unit": "s"
        },
        "overrides": []
      },
      "gridPos": {
        "h": 8,
        "w": 12,
        "x": 0,
        "y": 29
      },
      "hideTimeOverride": false,
      "id": 23,
      "links": [],
      "maxDataPoints": 100,
      "options": {
        "legend": {
          "calcs": [],
          "displayMode": "list",
          "placement": "bottom"
        },
        "tooltip": {
          "mode": "single"
        }
      },
      "targets": [
        {
          "datasource": null,
          "expr": "sum(rate(http_request_duration_seconds_sum{namespace=\"${namespace}\", job=~\"$job\"}[$__rate_interval]))\n   /\nsum(rate(http_request_duration_seconds_count{namespace=\"${namespace}\", job=~\"$job\"}[$__rate_interval]))",
          "format": "time_series",
          "hide": false,
          "instant": false,
          "interval": "",
          "intervalFactor": 1,
          "legendFormat": "Overall",
          "metric": "",
          "refId": "",
          "step": 10,
          "target": ""
        },
        {
          "datasource": null,
          "expr": "sum(rate(http_request_duration_seconds_sum{namespace=\"${namespace}\", job=~\"$job\", action=~\"objectPut|objectPutPart|objectCopy|objectPutCopyPart\"}[$__rate_interval]))\n   /\nsum(rate(http_request_duration_seconds_count{namespace=\"${namespace}\", job=~\"$job\", action=~\"objectPut|objectPutPart|objectCopy|objectPutCopyPart\"}[$__rate_interval]))",
          "format": "time_series",
          "hide": false,
          "instant": false,
          "interval": "",
          "intervalFactor": 1,
          "legendFormat": "Upload",
          "metric": "",
          "refId": "",
          "step": 10,
          "target": ""
        },
        {
          "datasource": null,
          "expr": "sum(rate(http_request_duration_seconds_sum{namespace=\"${namespace}\", job=~\"$job\", action=\"objectDelete\"}[$__rate_interval]))\n   /\nsum(rate(http_request_duration_seconds_count{namespace=\"${namespace}\", job=~\"$job\", action=\"objectDelete\"}[$__rate_interval]))",
          "format": "time_series",
          "hide": false,
          "instant": false,
          "interval": "",
          "intervalFactor": 1,
          "legendFormat": "Delete",
          "metric": "",
          "refId": "",
          "step": 10,
          "target": ""
        },
        {
          "datasource": null,
          "expr": "sum(rate(http_request_duration_seconds_sum{namespace=\"${namespace}\", job=~\"$job\", action=\"objectGet\"}[$__rate_interval]))\n   /\nsum(rate(http_request_duration_seconds_count{namespace=\"${namespace}\", job=~\"$job\", action=\"objectGet\"}[$__rate_interval]))",
          "format": "time_series",
          "hide": false,
          "instant": false,
          "interval": "",
          "intervalFactor": 1,
          "legendFormat": "Download",
          "metric": "",
          "refId": "",
          "step": 10,
          "target": ""
        },
        {
          "datasource": null,
          "expr": "sum(rate(http_request_duration_seconds_sum{namespace=\"${namespace}\", job=~\"$job\", action=~\"multiObjectDelete|multipartDelete\"}[$__rate_interval]))\n   /\nsum(rate(http_request_duration_seconds_count{namespace=\"${namespace}\", job=~\"$job\", action=~\"multiObjectDelete|multipartDelete\"}[$__rate_interval]))",
          "format": "time_series",
          "hide": false,
          "instant": false,
          "interval": "",
          "intervalFactor": 1,
          "legendFormat": "Multi-delete",
          "metric": "",
          "refId": "",
          "step": 10,
          "target": ""
        }
      ],
      "title": "Average latencies",
      "transformations": [],
      "transparent": false,
      "type": "timeseries"
    },
    {
      "cards": {
        "cardPadding": null,
        "cardRound": null
      },
      "color": {
        "cardColor": "#b4ff00",
        "colorScale": "sqrt",
        "colorScheme": "interpolateOranges",
        "exponent": 0.5,
        "max": null,
        "min": null,
        "mode": "opacity"
      },
      "dataFormat": "tsbuckets",
      "datasource": "${DS_PROMETHEUS}",
      "editable": true,
      "error": false,
      "fieldConfig": {
        "defaults": {
          "thresholds": {
            "mode": "absolute",
            "steps": []
          }
        }
      },
      "gridPos": {
        "h": 8,
        "w": 12,
        "x": 12,
        "y": 29
      },
      "heatmap": {},
      "hideTimeOverride": false,
      "hideZeroBuckets": false,
      "highlightCards": true,
      "id": 24,
      "legend": {
        "show": false
      },
      "links": [],
      "maxDataPoints": 25,
      "reverseYBuckets": false,
      "targets": [
        {
          "datasource": null,
          "expr": "sum by(le) (increase(http_request_duration_seconds_bucket{namespace=\"${namespace}\", job=~\"$job\"}[$__interval]))",
          "format": "heatmap",
          "hide": false,
          "instant": false,
          "interval": "",
          "intervalFactor": 1,
          "legendFormat": "{{ le }}",
          "metric": "",
          "refId": "",
          "step": 10,
          "target": ""
        }
      ],
      "title": "Request time",
      "tooltip": {
        "show": true,
        "showHistogram": true
      },
      "transformations": [],
      "transparent": false,
      "type": "heatmap",
      "xAxis": {
        "mode": "time",
        "name": null,
        "show": true,
        "values": []
      },
      "yAxis": {
        "decimals": null,
        "format": "dtdurations",
        "label": null,
        "logBase": 1,
        "max": null,
        "min": null,
        "show": true
      }
    },
    {
      "datasource": "${DS_PROMETHEUS}",
      "editable": true,
      "error": false,
      "fieldConfig": {
        "defaults": {
          "color": {
            "mode": "palette-classic"
          },
          "custom": {
            "axisLabel": "",
            "axisPlacement": "auto",
            "barAlignment": 0,
            "drawStyle": "line",
            "fillOpacity": 0,
            "gradientMode": "none",
            "hideFrom": {
              "legend": false,
              "tooltip": false,
              "viz": false
            },
            "lineInterpolation": "smooth",
            "lineWidth": 1,
            "pointSize": 5,
            "scaleDistribution": {
              "log": 2,
              "type": "linear"
            },
            "showPoints": "auto",
            "spanNulls": 180000,
            "stacking": {},
            "thresholdsStyle": {
              "mode": "off"
            }
          },
          "mappings": [],
          "thresholds": {
            "mode": "absolute",
            "steps": []
          },
          "unit": "s"
        },
        "overrides": []
      },
      "gridPos": {
        "h": 10,
        "w": 24,
        "x": 0,
        "y": 37
      },
      "hideTimeOverride": false,
      "id": 25,
      "links": [],
      "maxDataPoints": 100,
      "options": {
        "legend": {
          "calcs": [
            "max",
            "mean"
          ],
          "displayMode": "table",
          "placement": "right"
        },
        "tooltip": {
          "mode": "single"
        }
      },
      "targets": [
        {
          "datasource": null,
          "expr": "sum(rate(http_request_duration_seconds_sum{namespace=\"${namespace}\", job=~\"$job\"}[$__rate_interval])) by (action)\n   /\nsum(rate(http_request_duration_seconds_count{namespace=\"${namespace}\", job=~\"$job\"}[$__rate_interval])) by (action)",
          "format": "time_series",
          "hide": false,
          "instant": false,
          "interval": "",
          "intervalFactor": 1,
          "legendFormat": "{{action}}",
          "metric": "",
          "refId": "",
          "step": 10,
          "target": ""
        }
      ],
      "title": "Latencies per S3 action",
      "transformations": [],
      "transparent": false,
      "type": "timeseries"
    },
    {
      "collapsed": false,
      "editable": true,
      "error": false,
      "fieldConfig": {
        "defaults": {
          "thresholds": {
            "mode": "absolute",
            "steps": []
          }
        }
      },
      "gridPos": {
        "h": 1,
        "w": 24,
        "x": 0,
        "y": 47
      },
      "hideTimeOverride": false,
      "id": 26,
      "links": [],
      "maxDataPoints": 100,
      "panels": [],
      "targets": [],
      "title": "Data rate",
      "transformations": [],
      "transparent": false,
      "type": "row"
    },
    {
      "datasource": "${DS_PROMETHEUS}",
      "editable": true,
      "error": false,
      "fieldConfig": {
        "defaults": {
          "color": {
            "mode": "palette-classic"
          },
          "custom": {
            "axisLabel": "",
            "axisPlacement": "auto",
            "barAlignment": 0,
            "drawStyle": "line",
            "fillOpacity": 0,
            "gradientMode": "none",
            "hideFrom": {
              "legend": false,
              "tooltip": false,
              "viz": false
            },
            "lineInterpolation": "linear",
            "lineWidth": 1,
            "pointSize": 5,
            "scaleDistribution": {
              "log": 2,
              "type": "linear"
            },
            "showPoints": "auto",
            "spanNulls": false,
            "stacking": {},
            "thresholdsStyle": {
              "mode": "off"
            }
          },
          "mappings": [],
          "thresholds": {
            "mode": "absolute",
            "steps": [
              {
                "color": "green",
                "index": 0,
                "line": true,
                "op": "gt",
                "value": "null",
                "yaxis": "left"
              },
              {
                "color": "red",
                "index": 1,
                "line": true,
                "op": "gt",
                "value": 80.0,
                "yaxis": "left"
              }
            ]
          },
          "unit": "binBps"
        },
        "overrides": [
          {
            "matcher": {
              "id": "byName",
              "options": "Out"
            },
            "properties": [
              {
                "id": "custom.axisPlacement",
                "value": "right"
              }
            ]
          }
        ]
      },
      "gridPos": {
        "h": 8,
        "w": 12,
        "x": 0,
        "y": 48
      },
      "hideTimeOverride": false,
      "id": 27,
      "links": [],
      "maxDataPoints": 100,
      "options": {
        "legend": {
          "calcs": [],
          "displayMode": "list",
          "placement": "bottom"
        },
        "tooltip": {
          "mode": "single"
        }
      },
      "targets": [
        {
          "datasource": null,
          "expr": "sum(rate(http_response_size_bytes_sum{namespace=\"${namespace}\", job=~\"$job\"}[$__rate_interval]))",
          "format": "time_series",
          "hide": false,
          "instant": false,
          "interval": "",
          "intervalFactor": 1,
          "legendFormat": "Out",
          "metric": "",
          "refId": "",
          "step": 10,
          "target": ""
        },
        {
          "datasource": null,
          "expr": "sum(rate(http_request_size_bytes_sum{namespace=\"${namespace}\", job=~\"$job\"}[$__rate_interval]))",
          "format": "time_series",
          "hide": false,
          "instant": false,
          "interval": "",
          "intervalFactor": 1,
          "legendFormat": "In",
          "metric": "",
          "refId": "",
          "step": 10,
          "target": ""
        }
      ],
      "title": "Bandwidth",
      "transformations": [],
      "transparent": false,
      "type": "timeseries"
    },
    {
      "datasource": "${DS_PROMETHEUS}",
      "editable": true,
      "error": false,
      "fieldConfig": {
        "defaults": {
          "thresholds": {
            "mode": "absolute",
            "steps": [
              {
                "color": "#808080",
                "index": 0,
                "line": true,
                "op": "gt",
                "value": "null",
                "yaxis": "left"
              },
              {
                "color": "green",
                "index": 1,
                "line": true,
                "op": "gt",
                "value": 0.0,
                "yaxis": "left"
              }
            ]
          }
        }
      },
      "gridPos": {
        "h": 8,
        "w": 6,
        "x": 12,
        "y": 48
      },
      "hideTimeOverride": false,
      "id": 28,
      "links": [],
      "maxDataPoints": 100,
      "options": {
        "displayMode": "gradient",
        "fieldOptions": {
          "calcs": [
            "lastNotNull"
          ],
          "defaults": {
            "decimals": null,
            "links": [],
            "max": null,
            "min": null,
            "noValue": "-",
            "title": null,
            "unit": "bytes"
          },
          "limit": null,
          "mappings": [],
          "override": {},
          "thresholds": [
            {
              "color": "#808080",
              "index": 0,
              "line": true,
              "op": "gt",
              "value": "null",
              "yaxis": "left"
            },
            {
              "color": "green",
              "index": 1,
              "line": true,
              "op": "gt",
              "value": 0.0,
              "yaxis": "left"
            }
          ],
          "values": false
        },
        "orientation": "vertical",
        "showThresholdLabels": false,
        "showThresholdMarkers": true
      },
      "targets": [
        {
          "datasource": null,
          "expr": "avg(http_request_size_bytes{namespace=\"${namespace}\", job=~\"$job\"}) by (quantile)",
          "format": "time_series",
          "hide": false,
          "instant": false,
          "interval": "",
          "intervalFactor": 1,
          "legendFormat": "{{ quantile }}",
          "metric": "",
          "refId": "",
          "step": 10,
          "target": ""
        }
      ],
      "title": "Avg upload chunk size by \u03c6-quantile",
      "transformations": [],
      "transparent": false,
      "type": "bargauge"
    },
    {
      "datasource": "${DS_PROMETHEUS}",
      "editable": true,
      "error": false,
      "fieldConfig": {
        "defaults": {
          "thresholds": {
            "mode": "absolute",
            "steps": [
              {
                "color": "#808080",
                "index": 0,
                "line": true,
                "op": "gt",
                "value": "null",
                "yaxis": "left"
              },
              {
                "color": "green",
                "index": 1,
                "line": true,
                "op": "gt",
                "value": 0.0,
                "yaxis": "left"
              }
            ]
          }
        }
      },
      "gridPos": {
        "h": 8,
        "w": 6,
        "x": 18,
        "y": 48
      },
      "hideTimeOverride": false,
      "id": 29,
      "links": [],
      "maxDataPoints": 100,
      "options": {
        "displayMode": "gradient",
        "fieldOptions": {
          "calcs": [
            "lastNotNull"
          ],
          "defaults": {
            "decimals": null,
            "links": [],
            "max": null,
            "min": null,
            "noValue": "-",
            "title": null,
            "unit": "bytes"
          },
          "limit": null,
          "mappings": [],
          "override": {},
          "thresholds": [
            {
              "color": "#808080",
              "index": 0,
              "line": true,
              "op": "gt",
              "value": "null",
              "yaxis": "left"
            },
            {
              "color": "green",
              "index": 1,
              "line": true,
              "op": "gt",
              "value": 0.0,
              "yaxis": "left"
            }
          ],
          "values": false
        },
        "orientation": "vertical",
        "showThresholdLabels": false,
        "showThresholdMarkers": true
      },
      "targets": [
        {
          "datasource": null,
          "expr": "avg(http_response_size_bytes{namespace=\"${namespace}\", job=~\"$job\"}) by (quantile)",
          "format": "time_series",
          "hide": false,
          "instant": false,
          "interval": "",
          "intervalFactor": 1,
          "legendFormat": "{{ quantile }}",
          "metric": "",
          "refId": "",
          "step": 10,
          "target": ""
        }
      ],
      "title": "Avg download chunk size by \u03c6-quantile",
      "transformations": [],
      "transparent": false,
      "type": "bargauge"
    },
    {
      "collapsed": false,
      "editable": true,
      "error": false,
      "fieldConfig": {
        "defaults": {
          "thresholds": {
            "mode": "absolute",
            "steps": []
          }
        }
      },
      "gridPos": {
        "h": 1,
        "w": 24,
        "x": 0,
        "y": 56
      },
      "hideTimeOverride": false,
      "id": 30,
      "links": [],
      "maxDataPoints": 100,
      "panels": [],
      "targets": [],
      "title": "Errors",
      "transformations": [],
      "transparent": false,
      "type": "row"
    },
    {
      "datasource": "${DS_LOKI}",
      "editable": true,
      "error": false,
      "fieldConfig": {
        "defaults": {
          "color": {
            "mode": "palette-classic"
          },
          "custom": {},
          "mappings": [],
          "thresholds": {
            "mode": "absolute",
            "steps": []
          },
          "unit": "short"
        },
        "overrides": []
      },
      "gridPos": {
        "h": 8,
        "w": 8,
        "x": 0,
        "y": 57
      },
      "hideTimeOverride": false,
      "id": 31,
      "links": [],
      "maxDataPoints": 100,
      "options": {
        "displayLabels": [
          "name"
        ],
        "legend": {
          "displayMode": "table",
          "placement": "right",
          "values": [
            "value"
          ]
        },
        "pieType": "donut",
        "reduceOptions": {
          "calcs": [
            "lastNotNull"
          ],
          "fields": "",
          "values": false
        },
        "tooltip": {
          "mode": "single"
        }
      },
      "targets": [
        {
          "datasource": null,
          "expr": "topk(10, sum by(bucketName) (\n    count_over_time({namespace=\"${namespace}\", pod=~\"$pod\"}\n                    | json | bucketName!=\"\" and httpCode=\"404\"\n                    [$__interval])\n))",
          "format": "time_series",
          "hide": false,
          "instant": false,
          "interval": "",
          "intervalFactor": 1,
          "legendFormat": "{{bucketName}}",
          "metric": "",
          "refId": "",
          "step": 10,
          "target": ""
        }
      ],
      "title": "404 : Top10 by Bucket",
      "transformations": [],
      "transparent": false,
      "type": "piechart"
    },
    {
      "datasource": "${DS_LOKI}",
      "editable": true,
      "error": false,
      "fieldConfig": {
        "defaults": {
          "color": {
            "mode": "palette-classic"
          },
          "custom": {},
          "mappings": [],
          "thresholds": {
            "mode": "absolute",
            "steps": []
          },
          "unit": "short"
        },
        "overrides": []
      },
      "gridPos": {
        "h": 8,
        "w": 8,
        "x": 8,
        "y": 57
      },
      "hideTimeOverride": false,
      "id": 32,
      "links": [],
      "maxDataPoints": 100,
      "options": {
        "displayLabels": [
          "name"
        ],
        "legend": {
          "displayMode": "table",
          "placement": "right",
          "values": [
            "value"
          ]
        },
        "pieType": "donut",
        "reduceOptions": {
          "calcs": [
            "lastNotNull"
          ],
          "fields": "",
          "values": false
        },
        "tooltip": {
          "mode": "single"
        }
      },
      "targets": [
        {
          "datasource": null,
          "expr": "topk(10, sum by(bucketName) (\n    count_over_time({namespace=\"${namespace}\", pod=~\"$pod\"}\n                    | json | bucketName!=\"\" and httpCode=\"500\"\n                    [$__interval])\n))",
          "format": "time_series",
          "hide": false,
          "instant": false,
          "interval": "",
          "intervalFactor": 1,
          "legendFormat": "{{bucketName}}",
          "metric": "",
          "refId": "",
          "step": 10,
          "target": ""
        }
      ],
      "title": "500 : Top10 by Bucket",
      "transformations": [],
      "transparent": false,
      "type": "piechart"
    },
    {
      "datasource": "${DS_LOKI}",
      "editable": true,
      "error": false,
      "fieldConfig": {
        "defaults": {
          "color": {
            "mode": "palette-classic"
          },
          "custom": {},
          "mappings": [],
          "thresholds": {
            "mode": "absolute",
            "steps": []
          },
          "unit": "short"
        },
        "overrides": []
      },
      "gridPos": {
        "h": 8,
        "w": 8,
        "x": 16,
        "y": 57
      },
      "hideTimeOverride": false,
      "id": 33,
      "links": [],
      "maxDataPoints": 100,
      "options": {
        "displayLabels": [
          "name"
        ],
        "legend": {
          "displayMode": "table",
          "placement": "right",
          "values": [
            "value"
          ]
        },
        "pieType": "donut",
        "reduceOptions": {
          "calcs": [
            "lastNotNull"
          ],
          "fields": "",
          "values": false
        },
        "tooltip": {
          "mode": "single"
        }
      },
      "targets": [
        {
          "datasource": null,
          "expr": "topk(10, sum by(bucketName) (\n    count_over_time({namespace=\"${namespace}\", pod=~\"$pod\"}\n                    | json | bucketName!=\"\" and httpCode=~\"5..\"\n                    [$__interval])\n))",
          "format": "time_series",
          "hide": false,
          "instant": false,
          "interval": "",
          "intervalFactor": 1,
          "legendFormat": "{{bucketName}}",
          "metric": "",
          "refId": "",
          "step": 10,
          "target": ""
        }
      ],
      "title": "5xx : Top10 by Bucket",
      "transformations": [],
      "transparent": false,
      "type": "piechart"
    }
  ],
  "refresh": "30s",
  "rows": [],
  "schemaVersion": 12,
  "sharedCrosshair": false,
  "style": "dark",
  "tags": [
    "CloudServer"
  ],
  "templating": {
    "list": [
      {
        "allValue": null,
        "auto": false,
        "auto_count": 30,
        "auto_min": "10s",
        "current": {
          "selected": false,
          "tags": [],
          "text": null,
          "value": null
        },
        "datasource": "${DS_PROMETHEUS}",
        "hide": 0,
        "includeAll": false,
        "label": "Group",
        "multi": true,
        "name": "job",
        "options": [],
        "query": "label_values(http_active_requests{namespace=\"${namespace}\", container=\"${container}\"}, job)",
        "refresh": 1,
        "regex": "/(?<value>${zenkoName}-(?<text>\\w*).*)/",
        "sort": 1,
        "tagValuesQuery": null,
        "tagsQuery": null,
        "type": "query",
        "useTags": false
      },
      {
        "allValue": null,
        "auto": false,
        "auto_count": 30,
        "auto_min": "10s",
        "current": {
          "selected": false,
          "tags": [],
          "text": null,
          "value": null
        },
        "datasource": "${DS_PROMETHEUS}",
        "hide": 2,
        "includeAll": false,
        "label": "pod",
        "multi": false,
        "name": "pod",
        "options": [],
        "query": "label_values(http_active_requests{namespace=\"${namespace}\", container=\"${container}\", job=~\"$job\"}, pod)",
        "refresh": 1,
        "regex": null,
        "sort": 1,
        "tagValuesQuery": null,
        "tagsQuery": null,
        "type": "query",
        "useTags": false
      }
    ]
  },
  "time": {
    "from": "now-1h",
    "to": "now"
  },
  "timepicker": {
    "hidden": false,
    "refresh_intervals": [
      "5s",
      "10s",
      "30s",
      "1m",
      "5m",
      "15m",
      "30m",
      "1h",
      "2h",
      "1d"
    ],
    "time_options": [
      "5m",
      "15m",
      "1h",
      "6h",
      "12h",
      "24h",
      "2d",
      "7d",
      "30d"
    ]
  },
  "timezone": "",
  "title": "S3 service",
  "uid": null,
  "version": 30
}
