<?xml version="1.0" encoding="utf-8" ?>
<dwsync>
<file name="DummyFlash Area.gif" server="" local="127824934200000000" remote="127824934200000000" />
<file name="footerPt1.gif" server="" local="127824934200000000" remote="127824934200000000" />
<file name="footerPt2.gif" server="" local="127824934200000000" remote="127824934200000000" />
<file name="footerPt3.gif" server="" local="127824934200000000" remote="127824934200000000" />
<file name="horizontalRule.gif" server="" local="127824934200000000" remote="127824934200000000" />
<file name="horizontalRule2.gif" server="" local="127824934200000000" remote="127824934200000000" />
<file name="horizontalRule3.gif" server="" local="127824934200000000" remote="127824934200000000" />
<file name="mainBG.gif" server="" local="127824934200000000" remote="127824934200000000" />
</dwsync>